sale_id,sale_date,product_category,revenue,profit
1,2023-04-07,Toys,519,143
2,2024-02-07,Electronics,335,291
3,2024-03-05,Electronics,274,48
4,2024-07-10,Toys,791,108
5,2023-06-09,Electronics,762,193
6,2023-10-05,Electronics,111,33
7,2023-07-30,Electronics,539,249
8,2024-10-05,Home,981,224
9,2024-04-04,Grocery,149,255
10,2024-04-13,Toys,872,237
11,2023-05-24,Sports,875,151
12,2023-12-16,Toys,122,234
13,2023-04-07,Grocery,875,164
14,2024-08-15,Electronics,433,282
15,2023-07-07,Toys,673,20
16,2023-10-01,Fashion,889,220
17,2024-11-04,Toys,458,46
18,2024-09-17,Home,594,290
19,2023-09-26,Fashion,763,91
20,2023-06-19,Toys,607,179
21,2024-12-15,Sports,898,159
22,2023-03-28,Grocery,660,177
23,2024-07-03,Grocery,978,162
24,2024-06-19,Toys,709,288
25,2024-04-15,Home,331,162
26,2024-05-16,Fashion,490,48
27,2023-10-22,Fashion,860,86
28,2024-09-21,Grocery,125,176
29,2023-07-20,Grocery,228,49
30,2023-07-14,Toys,772,80
31,2024-02-15,Toys,153,22
32,2023-02-22,Toys,890,152
33,2024-10-09,Grocery,978,95
34,2024-07-16,Sports,779,57
35,2023-12-15,Grocery,667,199
36,2024-11-12,Home,566,149
37,2024-03-11,Home,666,118
38,2024-10-11,Fashion,551,282
39,2024-01-27,Sports,323,277
40,2024-04-11,Fashion,905,53
41,2024-04-20,Sports,809,47
42,2024-03-11,Sports,595,213
43,2024-07-15,Grocery,605,127
44,2024-03-27,Home,420,136
45,2024-01-29,Fashion,969,62
46,2024-01-23,Sports,394,131
47,2024-06-16,Electronics,228,227
48,2024-08-15,Toys,199,210
49,2023-06-19,Sports,379,255
50,2024-11-18,Toys,408,253
51,2023-01-26,Toys,508,134
52,2023-10-23,Electronics,294,187
53,2024-06-16,Electronics,615,257
54,2024-10-15,Grocery,369,108
55,2023-03-04,Electronics,926,170
56,2024-03-17,Electronics,638,22
57,2024-02-06,Grocery,134,279
58,2023-11-19,Home,278,181
59,2023-03-03,Toys,806,143
60,2024-10-13,Sports,397,218
61,2024-05-16,Home,249,279
62,2023-03-11,Toys,297,134
63,2023-11-02,Fashion,550,26
64,2024-02-14,Fashion,256,266
65,2023-06-17,Toys,246,153
66,2023-03-15,Home,656,281
67,2024-11-22,Home,893,163
68,2023-10-13,Fashion,727,194
69,2024-10-02,Fashion,647,101
70,2024-06-24,Fashion,314,261
71,2023-05-21,Electronics,578,233
72,2024-11-10,Fashion,659,277
73,2023-07-25,Grocery,676,89
74,2024-12-17,Fashion,463,289
75,2024-02-21,Grocery,397,184
76,2023-04-08,Grocery,920,91
77,2024-06-10,Electronics,223,90
78,2024-06-25,Home,913,286
79,2024-02-21,Electronics,146,36
80,2023-08-19,Toys,816,280
81,2024-06-11,Electronics,345,23
82,2024-11-09,Sports,728,275
83,2023-01-07,Grocery,262,272
84,2023-01-30,Electronics,770,63
85,2023-02-01,Home,790,36
86,2023-09-08,Toys,898,237
87,2024-03-28,Electronics,338,200
88,2024-09-17,Fashion,723,278
89,2023-03-16,Home,622,160
90,2024-01-23,Home,173,65
91,2024-08-15,Grocery,790,201
92,2023-05-16,Fashion,778,34
93,2024-06-23,Grocery,643,234
94,2024-10-21,Electronics,759,157
95,2023-11-05,Home,371,213
96,2024-12-27,Toys,460,67
97,2023-03-12,Toys,628,85
98,2023-03-05,Electronics,607,277
99,2024-04-11,Sports,998,48
100,2024-12-17,Grocery,973,299
101,2023-02-04,Toys,493,211
102,2023-06-08,Fashion,499,264
103,2023-08-04,Home,758,211
104,2024-07-15,Electronics,475,79
105,2023-06-30,Toys,440,54
106,2023-05-26,Toys,843,267
107,2023-01-22,Electronics,261,86
108,2024-03-12,Fashion,485,61
109,2023-09-09,Fashion,992,162
110,2024-03-05,Toys,458,136
111,2024-06-12,Grocery,438,73
112,2024-11-01,Sports,868,149
113,2023-11-08,Sports,135,186
114,2024-02-14,Home,506,201
115,2024-09-10,Toys,993,155
116,2023-02-28,Sports,417,146
117,2023-03-06,Home,994,88
118,2023-05-15,Grocery,590,46
119,2024-09-26,Sports,203,276
120,2023-06-27,Sports,944,45
121,2023-07-15,Fashion,788,198
122,2023-03-24,Home,776,129
123,2024-07-17,Sports,907,142
124,2024-04-14,Toys,962,262
125,2024-10-14,Sports,602,102
126,2024-02-29,Toys,597,270
127,2023-10-10,Grocery,488,277
128,2023-10-06,Grocery,706,70
129,2024-11-14,Fashion,932,276
130,2024-12-07,Toys,980,270
131,2024-03-15,Toys,384,150
132,2023-10-23,Electronics,195,70
133,2024-10-07,Electronics,632,26
134,2023-02-15,Toys,133,58
135,2023-05-09,Toys,238,294
136,2024-09-07,Sports,765,163
137,2024-05-11,Sports,435,51
138,2024-10-20,Fashion,652,113
139,2023-11-18,Toys,596,146
140,2024-01-15,Grocery,331,110
141,2023-03-13,Toys,635,58
142,2024-02-09,Sports,441,156
143,2024-06-14,Grocery,716,215
144,2023-08-13,Sports,815,75
145,2023-03-06,Fashion,416,153
146,2024-07-14,Toys,921,290
147,2023-01-28,Fashion,951,91
148,2024-07-20,Sports,130,186
149,2023-04-10,Electronics,409,210
150,2023-05-11,Electronics,127,100
151,2024-07-09,Fashion,351,81
152,2023-11-15,Home,350,261
153,2023-10-24,Grocery,827,136
154,2024-01-06,Toys,664,125
155,2024-06-02,Fashion,420,128
156,2024-04-20,Toys,741,137
157,2023-11-17,Toys,785,235
158,2024-07-20,Home,991,288
159,2024-10-30,Sports,645,212
160,2024-08-01,Grocery,812,78
161,2023-11-15,Sports,473,286
162,2024-09-28,Toys,417,131
163,2023-03-24,Electronics,141,221
164,2023-11-29,Sports,758,76
165,2024-09-23,Toys,431,206
166,2024-01-19,Toys,684,94
167,2023-04-07,Fashion,130,249
168,2023-09-02,Grocery,436,128
169,2024-12-11,Toys,430,29
170,2023-03-20,Sports,826,141
171,2024-04-18,Toys,554,94
172,2023-10-20,Fashion,841,206
173,2023-12-31,Toys,245,113
174,2024-09-30,Electronics,739,24
175,2023-04-01,Electronics,292,93
176,2023-01-30,Electronics,926,244
177,2023-02-18,Electronics,148,261
178,2024-03-02,Fashion,457,200
179,2023-10-05,Grocery,459,295
180,2023-03-23,Toys,661,66
181,2023-09-27,Grocery,258,26
182,2024-11-28,Fashion,973,53
183,2023-10-09,Fashion,879,56
184,2023-07-13,Toys,456,183
185,2024-08-13,Sports,611,266
186,2023-03-10,Toys,784,261
187,2024-11-07,Home,352,110
188,2024-08-04,Home,445,164
189,2024-10-25,Toys,954,75
190,2024-10-11,Home,150,141
191,2023-01-22,Electronics,676,224
192,2023-04-04,Fashion,540,68
193,2023-09-30,Home,743,246
194,2023-07-16,Electronics,926,287
195,2024-04-27,Grocery,750,266
196,2023-04-15,Toys,518,135
197,2023-02-11,Grocery,125,94
198,2024-04-04,Toys,590,146
199,2024-06-30,Toys,885,270
200,2024-11-22,Grocery,164,221
201,2023-11-19,Toys,265,126
202,2023-05-18,Toys,719,69
203,2023-09-03,Sports,299,269
204,2024-01-28,Fashion,776,188
205,2024-02-19,Fashion,505,221
206,2024-02-22,Fashion,517,23
207,2024-09-29,Toys,579,191
208,2024-02-11,Sports,988,254
209,2024-03-19,Fashion,709,171
210,2024-05-04,Grocery,987,288
211,2023-12-25,Sports,668,59
212,2023-01-14,Sports,968,101
213,2023-01-02,Sports,270,253
214,2024-04-23,Home,866,41
215,2024-05-16,Toys,954,176
216,2023-12-04,Sports,120,131
217,2024-10-12,Home,298,290
218,2024-07-03,Home,132,263
219,2023-03-10,Sports,717,296
220,2024-10-31,Electronics,764,226
221,2023-10-20,Grocery,615,211
222,2024-09-28,Grocery,186,66
223,2023-04-04,Grocery,829,41
224,2023-08-28,Home,727,33
225,2024-05-06,Grocery,197,189
226,2024-09-19,Sports,793,190
227,2024-04-05,Home,545,249
228,2024-01-25,Toys,407,183
229,2024-01-07,Sports,198,173
230,2024-04-28,Fashion,420,40
231,2023-02-23,Electronics,486,112
232,2024-11-03,Sports,663,246
233,2023-02-03,Sports,209,136
234,2023-11-17,Home,977,272
235,2023-08-22,Toys,961,135
236,2024-04-07,Electronics,137,262
237,2024-07-07,Fashion,754,250
238,2023-10-11,Home,809,91
239,2024-05-04,Grocery,432,254
240,2023-12-02,Fashion,929,135
241,2024-04-09,Toys,635,59
242,2023-06-07,Home,920,236
243,2023-06-08,Home,252,249
244,2024-07-15,Fashion,485,286
245,2023-08-22,Electronics,974,72
246,2024-06-02,Electronics,644,295
247,2023-12-25,Fashion,731,174
248,2023-07-06,Grocery,468,111
249,2023-05-08,Toys,103,281
250,2024-08-13,Sports,984,214
251,2024-07-27,Home,753,219
252,2023-12-14,Fashion,521,201
253,2024-03-17,Fashion,512,22
254,2023-12-06,Toys,654,71
255,2023-08-05,Home,792,148
256,2024-02-10,Electronics,767,183
257,2024-12-08,Electronics,893,183
258,2023-06-08,Sports,932,156
259,2024-08-30,Sports,915,275
260,2024-05-04,Electronics,509,132
261,2024-12-10,Electronics,170,186
262,2023-11-01,Electronics,863,171
263,2024-02-03,Home,673,290
264,2024-08-15,Sports,726,80
265,2024-10-19,Fashion,148,122
266,2023-10-09,Grocery,371,31
267,2023-11-30,Sports,190,120
268,2024-03-25,Electronics,630,84
269,2023-06-04,Sports,626,89
270,2023-12-30,Toys,408,70
271,2023-06-18,Electronics,708,169
272,2023-03-15,Sports,524,134
273,2023-12-04,Grocery,425,70
274,2024-04-26,Home,563,199
275,2024-05-13,Sports,888,134
276,2024-05-28,Grocery,461,172
277,2023-05-26,Electronics,317,143
278,2023-04-07,Home,969,188
279,2024-06-17,Electronics,803,176
280,2023-04-03,Home,577,223
281,2024-07-29,Toys,752,187
282,2023-01-15,Sports,691,265
283,2023-06-07,Home,890,44
284,2023-09-15,Home,462,272
285,2024-01-23,Grocery,384,264
286,2024-08-09,Toys,793,237
287,2024-07-13,Fashion,867,34
288,2024-09-24,Grocery,286,239
289,2024-07-30,Toys,849,141
290,2023-05-03,Electronics,138,257
291,2023-03-10,Sports,134,110
292,2023-06-08,Electronics,181,129
293,2023-01-11,Electronics,932,210
294,2024-01-30,Electronics,759,93
295,2024-03-23,Toys,169,298
296,2024-03-05,Grocery,579,150
297,2023-11-02,Fashion,614,42
298,2024-07-21,Grocery,799,31
299,2024-12-25,Toys,576,267
300,2023-10-02,Toys,986,162
301,2024-12-14,Toys,219,108
302,2024-10-18,Toys,150,33
303,2023-12-29,Grocery,591,180
304,2023-04-18,Grocery,314,189
305,2023-01-16,Electronics,664,297
306,2023-05-19,Electronics,859,142
307,2024-02-25,Home,660,173
308,2024-06-30,Fashion,652,129
309,2023-01-15,Electronics,597,117
310,2023-04-13,Grocery,984,236
311,2024-08-25,Grocery,779,185
312,2023-07-28,Home,619,30
313,2023-07-24,Grocery,269,198
314,2023-03-24,Fashion,935,256
315,2024-10-06,Home,265,199
316,2023-09-17,Grocery,195,201
317,2023-11-15,Sports,809,273
318,2023-09-09,Sports,828,134
319,2023-10-15,Home,129,287
320,2024-07-10,Fashion,915,211
321,2024-10-19,Fashion,504,200
322,2023-03-21,Toys,941,166
323,2023-02-27,Electronics,109,207
324,2023-12-22,Home,434,142
325,2023-11-29,Grocery,960,241
326,2024-08-08,Fashion,808,254
327,2024-02-21,Grocery,374,223
328,2023-01-29,Sports,990,300
329,2024-11-24,Fashion,167,288
330,2024-04-10,Toys,852,177
331,2024-11-19,Sports,419,68
332,2024-12-03,Sports,692,103
333,2023-10-10,Grocery,429,245
334,2023-08-16,Electronics,799,155
335,2024-11-03,Toys,522,256
336,2023-08-03,Toys,509,216
337,2023-10-29,Home,163,248
338,2023-11-06,Electronics,377,85
339,2023-05-01,Fashion,902,51
340,2023-05-23,Fashion,707,118
341,2023-08-14,Fashion,670,189
342,2023-05-20,Grocery,549,103
343,2024-07-01,Grocery,970,70
344,2024-06-03,Electronics,760,266
345,2023-10-09,Sports,159,35
346,2024-07-10,Fashion,663,75
347,2024-02-25,Toys,562,75
348,2024-09-07,Home,134,134
349,2024-05-17,Home,465,173
350,2023-08-02,Toys,455,234
351,2024-08-16,Home,969,252
352,2023-07-02,Electronics,884,136
353,2024-01-16,Electronics,989,178
354,2024-02-01,Electronics,920,296
355,2023-12-21,Fashion,723,87
356,2023-03-20,Toys,891,92
357,2023-05-22,Electronics,310,184
358,2024-12-28,Toys,348,291
359,2024-04-13,Home,411,87
360,2024-02-07,Sports,123,40
361,2024-11-30,Fashion,703,254
362,2024-10-11,Fashion,638,274
363,2024-10-24,Fashion,342,60
364,2024-06-27,Home,197,68
365,2024-07-30,Fashion,295,250
366,2024-06-03,Home,388,155
367,2023-07-31,Electronics,115,282
368,2023-10-01,Electronics,977,132
369,2023-05-26,Sports,591,296
370,2023-09-03,Home,478,131
371,2023-10-18,Toys,337,67
372,2024-05-20,Electronics,321,297
373,2023-11-26,Sports,854,221
374,2023-03-28,Sports,997,234
375,2023-03-12,Grocery,626,74
376,2023-10-18,Toys,380,123
377,2023-08-24,Home,242,220
378,2024-09-16,Home,386,134
379,2023-03-02,Grocery,267,234
380,2023-10-02,Toys,720,223
381,2023-11-09,Electronics,373,192
382,2024-02-04,Toys,969,225
383,2023-12-05,Fashion,616,275
384,2023-10-07,Grocery,794,132
385,2024-04-10,Sports,859,123
386,2024-02-02,Grocery,207,288
387,2024-05-24,Fashion,744,205
388,2024-03-19,Grocery,834,161
389,2024-05-03,Home,166,212
390,2024-04-28,Toys,808,112
391,2024-05-29,Grocery,211,94
392,2024-08-07,Home,651,109
393,2024-08-29,Sports,919,168
394,2023-10-02,Fashion,739,246
395,2023-11-08,Fashion,236,98
396,2023-05-04,Home,583,84
397,2024-02-26,Home,701,45
398,2023-07-29,Grocery,428,144
399,2023-09-04,Home,753,71
400,2024-02-04,Sports,326,176
401,2024-06-21,Sports,478,98
402,2024-03-10,Home,503,31
403,2023-03-08,Toys,348,64
404,2023-06-18,Sports,244,90
405,2023-04-26,Home,765,199
406,2023-12-21,Grocery,821,258
407,2023-05-08,Toys,841,105
408,2024-09-22,Electronics,488,264
409,2023-10-26,Grocery,641,31
410,2023-12-01,Electronics,573,261
411,2024-07-27,Home,982,66
412,2024-01-10,Sports,711,271
413,2024-01-03,Home,414,238
414,2023-01-11,Home,829,244
415,2023-06-09,Home,357,91
416,2023-03-24,Toys,254,191
417,2023-10-01,Home,944,177
418,2024-04-14,Electronics,332,177
419,2023-11-14,Grocery,563,80
420,2023-04-15,Grocery,587,147
421,2023-06-25,Fashion,489,272
422,2024-12-24,Toys,451,23
423,2023-12-14,Home,672,139
424,2024-07-17,Sports,733,287
425,2024-10-13,Electronics,672,110
426,2024-08-19,Toys,743,66
427,2024-05-31,Electronics,504,62
428,2023-09-27,Home,897,21
429,2024-05-19,Toys,348,222
430,2023-07-12,Toys,474,152
431,2024-08-09,Sports,723,259
432,2024-07-18,Fashion,728,28
433,2024-01-31,Grocery,362,187
434,2024-05-13,Grocery,426,126
435,2023-06-12,Electronics,463,218
436,2023-12-30,Fashion,182,187
437,2024-03-03,Home,332,244
438,2023-04-09,Home,853,82
439,2023-04-16,Sports,498,166
440,2024-11-04,Fashion,290,253
441,2024-09-29,Sports,569,165
442,2024-03-27,Electronics,840,201
443,2023-08-13,Fashion,643,23
444,2024-09-18,Toys,750,289
445,2024-10-04,Fashion,101,43
446,2023-01-06,Electronics,331,23
447,2023-10-10,Fashion,675,294
448,2024-01-23,Grocery,237,89
449,2024-10-21,Grocery,747,252
450,2024-12-25,Home,835,280
451,2024-08-03,Toys,593,66
452,2024-04-17,Toys,736,126
453,2023-02-02,Sports,631,129
454,2023-05-16,Toys,693,135
455,2023-02-05,Toys,202,281
456,2024-07-15,Home,617,97
457,2024-04-23,Sports,978,194
458,2024-09-06,Grocery,912,56
459,2023-09-14,Grocery,689,69
460,2023-01-18,Home,352,109
461,2023-12-31,Electronics,767,87
462,2024-11-05,Fashion,420,241
463,2024-02-10,Sports,181,191
464,2023-06-26,Toys,970,125
465,2024-12-12,Sports,918,130
466,2023-11-10,Grocery,239,78
467,2023-10-18,Toys,803,35
468,2023-04-19,Electronics,792,91
469,2023-08-06,Toys,408,104
470,2024-07-13,Home,512,84
471,2024-01-04,Fashion,168,227
472,2024-01-03,Toys,515,231
473,2023-11-25,Fashion,951,79
474,2023-11-11,Toys,962,24
475,2024-06-08,Grocery,415,264
476,2024-12-15,Toys,574,176
477,2024-03-16,Toys,691,110
478,2023-10-07,Fashion,644,152
479,2024-09-27,Grocery,575,176
480,2023-05-16,Toys,361,37
481,2024-05-01,Sports,873,158
482,2024-08-19,Grocery,117,251
483,2023-04-21,Sports,182,63
484,2024-11-22,Fashion,717,151
485,2024-11-26,Sports,870,280
486,2023-11-25,Electronics,190,78
487,2023-03-13,Electronics,311,22
488,2023-08-06,Sports,387,71
489,2023-02-22,Fashion,395,105
490,2024-07-12,Sports,391,173
491,2024-07-01,Sports,898,185
492,2023-04-24,Sports,231,191
493,2023-10-14,Electronics,311,296
494,2023-11-08,Toys,546,52
495,2023-01-18,Fashion,596,53
496,2023-07-17,Sports,547,44
497,2023-12-17,Electronics,569,21
498,2024-04-03,Toys,450,131
499,2023-06-08,Home,196,195
500,2024-12-15,Fashion,657,190
501,2024-04-03,Home,286,263
502,2023-03-28,Toys,599,147
503,2024-10-21,Home,676,292
504,2023-12-22,Sports,704,21
505,2024-11-02,Toys,621,50
506,2024-01-20,Electronics,715,273
507,2024-11-21,Toys,711,231
508,2023-05-06,Grocery,255,200
509,2024-02-11,Fashion,586,127
510,2024-03-24,Toys,567,229
511,2023-12-30,Fashion,942,189
512,2023-02-11,Toys,603,293
513,2023-07-08,Fashion,506,251
514,2023-08-19,Home,459,205
515,2023-09-17,Electronics,727,26
516,2024-07-28,Fashion,891,155
517,2024-02-22,Home,618,109
518,2023-04-15,Fashion,152,166
519,2023-10-21,Sports,102,229
520,2024-05-27,Sports,628,32
521,2024-06-11,Grocery,641,254
522,2024-02-24,Electronics,850,69
523,2023-11-22,Toys,325,152
524,2023-11-03,Fashion,453,260
525,2023-09-08,Sports,784,216
526,2023-11-19,Toys,643,81
527,2023-10-28,Electronics,971,224
528,2023-05-28,Grocery,981,254
529,2024-10-02,Toys,274,158
530,2024-06-03,Toys,589,147
531,2024-10-10,Electronics,818,246
532,2023-08-30,Toys,859,210
533,2024-05-02,Toys,106,142
534,2024-07-14,Home,221,285
535,2024-07-29,Electronics,348,228
536,2023-07-18,Toys,170,220
537,2024-08-01,Fashion,405,168
538,2024-10-03,Home,761,82
539,2024-12-16,Fashion,195,65
540,2023-07-06,Toys,873,255
541,2023-10-10,Home,477,214
542,2024-11-26,Electronics,254,114
543,2024-11-15,Electronics,169,91
544,2023-04-05,Electronics,359,80
545,2023-09-02,Grocery,919,68
546,2024-09-12,Electronics,376,198
547,2024-04-30,Toys,961,237
548,2023-05-24,Fashion,437,176
549,2023-02-27,Grocery,697,69
550,2024-08-06,Grocery,824,247
551,2023-05-23,Toys,970,291
552,2024-08-28,Grocery,830,30
553,2023-07-20,Toys,435,106
554,2023-10-22,Grocery,214,272
555,2023-01-20,Grocery,951,225
556,2023-08-02,Grocery,758,299
557,2023-08-24,Sports,171,135
558,2023-01-31,Electronics,388,82
559,2024-05-02,Home,459,251
560,2024-07-21,Fashion,470,108
561,2024-02-12,Home,642,146
562,2024-04-08,Grocery,480,170
563,2023-11-13,Electronics,896,136
564,2023-05-24,Grocery,252,230
565,2023-03-24,Fashion,837,216
566,2023-07-13,Electronics,954,191
567,2024-01-01,Toys,263,222
568,2023-02-19,Home,548,64
569,2024-12-14,Sports,179,83
570,2024-06-13,Grocery,180,232
571,2023-04-10,Sports,268,193
572,2023-12-09,Grocery,258,52
573,2023-06-11,Grocery,663,267
574,2024-09-19,Grocery,242,106
575,2023-10-19,Sports,378,93
576,2023-10-06,Grocery,777,80
577,2024-02-15,Sports,700,246
578,2024-04-11,Fashion,822,174
579,2024-05-25,Home,185,290
580,2024-02-14,Fashion,293,286
581,2024-04-10,Sports,627,283
582,2023-10-29,Home,267,268
583,2024-02-16,Home,275,216
584,2023-03-16,Home,824,189
585,2024-06-14,Toys,765,262
586,2024-08-23,Electronics,659,251
587,2024-12-02,Grocery,149,149
588,2023-10-03,Electronics,459,114
589,2024-09-12,Grocery,153,153
590,2023-05-05,Fashion,472,291
591,2024-09-27,Grocery,639,155
592,2024-12-25,Sports,981,207
593,2023-08-30,Fashion,928,183
594,2023-08-13,Electronics,376,80
595,2023-04-09,Fashion,182,244
596,2024-12-16,Sports,459,44
597,2023-03-11,Toys,163,64
598,2023-12-17,Home,127,105
599,2023-04-24,Sports,937,70
600,2023-12-22,Grocery,642,78
601,2024-12-25,Grocery,730,209
602,2024-05-08,Sports,536,274
603,2023-10-06,Toys,569,161
604,2023-10-12,Electronics,775,51
605,2024-01-04,Home,119,188
606,2023-07-10,Sports,161,134
607,2023-04-12,Sports,689,66
608,2023-11-25,Electronics,867,186
609,2023-03-26,Electronics,851,202
610,2024-01-10,Grocery,868,55
611,2024-01-12,Electronics,748,170
612,2024-11-12,Sports,992,117
613,2023-06-11,Fashion,578,115
614,2024-02-08,Sports,559,194
615,2023-04-19,Fashion,640,233
616,2024-06-28,Sports,670,294
617,2024-12-28,Grocery,946,242
618,2024-01-30,Grocery,525,273
619,2023-04-25,Electronics,633,234
620,2024-11-16,Toys,764,207
621,2024-07-29,Fashion,363,281
622,2024-08-21,Electronics,254,117
623,2023-09-22,Toys,817,293
624,2024-06-10,Toys,688,54
625,2024-10-24,Toys,798,78
626,2023-07-22,Grocery,193,163
627,2023-02-01,Toys,599,179
628,2024-06-03,Sports,928,52
629,2023-02-15,Sports,105,285
630,2024-05-23,Toys,513,199
631,2023-05-22,Home,512,38
632,2024-09-15,Electronics,401,108
633,2024-07-30,Fashion,842,211
634,2023-04-18,Home,700,135
635,2024-01-10,Toys,864,123
636,2024-07-21,Toys,395,228
637,2024-08-05,Electronics,579,221
638,2024-05-25,Fashion,944,231
639,2024-12-11,Fashion,812,59
640,2023-10-20,Electronics,513,177
641,2023-05-11,Sports,439,43
642,2024-07-24,Fashion,209,79
643,2023-07-04,Toys,500,43
644,2024-04-26,Fashion,257,200
645,2024-04-26,Toys,728,62
646,2023-06-05,Sports,152,233
647,2023-09-24,Home,313,91
648,2023-02-06,Toys,520,237
649,2024-08-27,Home,384,200
650,2024-05-28,Sports,386,29
651,2024-03-31,Grocery,991,115
652,2024-08-03,Sports,911,257
653,2023-03-01,Toys,872,67
654,2024-05-03,Electronics,574,216
655,2024-08-28,Fashion,366,220
656,2023-11-18,Grocery,583,64
657,2024-06-15,Grocery,888,85
658,2023-02-04,Home,377,180
659,2024-11-26,Grocery,592,244
660,2024-03-08,Electronics,371,144
661,2023-09-12,Grocery,262,115
662,2024-02-04,Electronics,665,120
663,2023-07-25,Toys,558,297
664,2024-06-18,Grocery,139,105
665,2024-12-30,Sports,182,67
666,2024-12-06,Sports,703,83
667,2023-10-15,Home,942,209
668,2023-12-17,Fashion,935,200
669,2023-04-25,Grocery,850,245
670,2024-11-19,Sports,225,199
671,2023-06-03,Electronics,167,162
672,2023-10-24,Home,184,52
673,2024-09-29,Home,734,38
674,2024-10-15,Fashion,359,142
675,2024-07-24,Sports,234,219
676,2024-08-10,Home,285,273
677,2023-11-30,Electronics,264,62
678,2024-07-26,Fashion,333,281
679,2023-06-09,Home,272,284
680,2023-09-09,Home,758,147
681,2024-10-21,Sports,637,100
682,2024-01-28,Fashion,456,300
683,2024-05-18,Fashion,788,176
684,2024-09-19,Fashion,947,202
685,2024-08-25,Toys,981,75
686,2024-02-07,Electronics,975,165
687,2023-03-10,Sports,469,54
688,2023-03-12,Toys,643,190
689,2023-12-11,Grocery,196,106
690,2024-01-10,Fashion,558,172
691,2023-01-11,Fashion,220,196
692,2023-09-14,Fashion,688,162
693,2024-08-18,Fashion,746,241
694,2024-07-12,Fashion,152,81
695,2024-06-24,Toys,418,289
696,2024-05-07,Fashion,918,263
697,2023-01-24,Sports,627,257
698,2023-10-08,Sports,626,210
699,2023-06-21,Home,833,88
700,2024-03-12,Grocery,828,143
701,2023-11-18,Home,947,294
702,2024-07-27,Electronics,877,84
703,2024-03-23,Toys,134,122
704,2023-10-08,Fashion,388,115
705,2024-09-08,Fashion,824,204
706,2024-02-16,Grocery,753,289
707,2023-03-08,Sports,279,286
708,2023-08-22,Electronics,292,51
709,2023-02-03,Fashion,919,166
710,2023-12-25,Home,185,94
711,2023-09-27,Toys,468,166
712,2024-05-11,Fashion,828,136
713,2024-08-17,Toys,967,75
714,2023-11-25,Sports,249,198
715,2024-12-29,Home,757,69
716,2024-11-25,Toys,810,236
717,2023-02-15,Electronics,359,76
718,2024-04-08,Home,483,289
719,2023-03-31,Fashion,878,161
720,2024-04-29,Toys,946,292
721,2024-11-22,Toys,809,293
722,2024-10-16,Electronics,583,267
723,2023-07-15,Grocery,728,95
724,2024-09-07,Home,576,193
725,2024-03-19,Sports,197,278
726,2024-12-02,Fashion,826,148
727,2024-01-02,Fashion,743,253
728,2024-04-16,Fashion,388,51
729,2023-06-05,Electronics,659,50
730,2024-01-28,Home,113,298
731,2023-10-01,Grocery,135,202
732,2024-01-28,Grocery,965,84
733,2024-01-03,Home,696,167
734,2024-10-03,Fashion,366,139
735,2023-05-04,Fashion,131,71
736,2023-05-08,Home,360,230
737,2023-10-06,Toys,888,101
738,2023-03-04,Grocery,442,294
739,2023-01-03,Sports,912,289
740,2024-02-06,Electronics,518,240
741,2023-11-12,Fashion,672,207
742,2023-03-22,Sports,750,31
743,2023-12-11,Electronics,878,220
744,2024-11-28,Toys,686,102
745,2024-09-12,Fashion,208,45
746,2024-04-17,Electronics,223,196
747,2023-01-13,Sports,437,195
748,2024-07-27,Toys,427,186
749,2023-01-10,Sports,356,190
750,2024-02-27,Sports,347,284
751,2024-10-27,Home,719,124
752,2023-12-03,Sports,380,127
753,2024-10-12,Electronics,591,22
754,2024-12-09,Fashion,135,206
755,2024-11-16,Fashion,937,56
756,2024-02-20,Home,389,78
757,2024-01-27,Sports,964,79
758,2024-09-06,Home,623,148
759,2023-01-02,Fashion,967,166
760,2023-12-23,Fashion,460,122
761,2023-05-07,Sports,295,139
762,2023-07-15,Fashion,975,65
763,2023-04-25,Toys,567,186
764,2023-12-03,Toys,656,85
765,2023-03-26,Fashion,853,70
766,2024-11-12,Electronics,853,160
767,2023-08-16,Home,619,79
768,2024-09-16,Fashion,951,225
769,2023-07-22,Sports,630,179
770,2024-07-25,Grocery,968,38
771,2023-02-24,Electronics,924,234
772,2024-05-04,Toys,723,155
773,2023-05-17,Sports,773,153
774,2023-11-24,Home,171,266
775,2024-09-13,Home,367,152
776,2023-05-31,Fashion,976,20
777,2023-05-15,Toys,180,190
778,2024-03-03,Grocery,731,260
779,2023-05-12,Fashion,792,28
780,2023-08-25,Electronics,219,48
781,2023-06-02,Toys,817,212
782,2023-04-18,Home,272,25
783,2024-09-02,Toys,435,211
784,2023-06-07,Fashion,141,212
785,2024-07-14,Sports,755,91
786,2023-03-01,Grocery,119,262
787,2024-10-13,Toys,234,125
788,2024-09-04,Grocery,145,55
789,2023-04-24,Fashion,209,272
790,2024-02-13,Fashion,733,72
791,2023-01-27,Grocery,805,240
792,2023-02-01,Grocery,605,32
793,2024-02-26,Home,733,67
794,2024-08-15,Fashion,444,188
795,2023-11-10,Sports,240,47
796,2024-08-19,Grocery,360,221
797,2023-05-20,Fashion,143,183
798,2023-03-13,Home,719,112
799,2023-09-03,Electronics,783,60
800,2023-09-11,Toys,913,42
801,2023-05-20,Fashion,870,138
802,2024-08-23,Home,209,128
803,2024-11-05,Toys,439,215
804,2023-01-27,Fashion,191,162
805,2023-04-25,Grocery,870,220
806,2023-10-03,Electronics,547,78
807,2023-01-24,Electronics,439,131
808,2023-08-02,Electronics,211,203
809,2024-08-20,Toys,875,260
810,2024-10-11,Grocery,775,148
811,2024-09-19,Grocery,426,40
812,2023-07-11,Toys,340,21
813,2024-09-25,Electronics,852,166
814,2024-11-20,Electronics,992,133
815,2024-08-15,Grocery,231,34
816,2024-10-18,Toys,338,204
817,2024-09-21,Toys,299,81
818,2023-11-22,Grocery,750,141
819,2024-12-19,Electronics,690,253
820,2023-11-15,Electronics,531,279
821,2024-04-09,Home,650,160
822,2024-09-03,Home,617,205
823,2024-08-27,Toys,735,222
824,2023-08-19,Home,110,293
825,2023-11-16,Fashion,856,57
826,2024-09-29,Electronics,506,56
827,2023-03-26,Home,449,230
828,2023-01-04,Fashion,545,26
829,2024-08-03,Sports,630,215
830,2023-04-06,Electronics,965,112
831,2024-09-17,Home,562,224
832,2024-03-16,Home,876,56
833,2023-10-06,Electronics,884,208
834,2023-06-04,Home,543,260
835,2023-07-20,Home,775,40
836,2023-07-13,Fashion,240,288
837,2024-04-21,Home,845,297
838,2024-09-15,Sports,225,82
839,2024-12-18,Home,727,58
840,2024-07-05,Home,392,48
841,2023-11-05,Electronics,381,34
842,2024-08-17,Home,400,75
843,2023-03-10,Grocery,558,284
844,2023-02-14,Toys,490,168
845,2024-07-30,Toys,810,290
846,2023-01-04,Grocery,489,105
847,2023-10-27,Sports,928,252
848,2023-03-02,Electronics,667,26
849,2023-01-31,Grocery,291,163
850,2023-08-07,Grocery,529,62
851,2023-07-06,Sports,384,258
852,2024-11-21,Home,382,79
853,2023-09-10,Grocery,924,54
854,2024-07-08,Toys,430,267
855,2023-12-22,Toys,883,124
856,2023-05-25,Grocery,624,196
857,2024-05-13,Home,713,68
858,2024-01-19,Home,399,277
859,2023-10-23,Grocery,317,224
860,2024-03-30,Home,893,159
861,2023-11-07,Sports,701,218
862,2023-08-30,Electronics,591,284
863,2024-03-05,Sports,824,294
864,2023-01-08,Fashion,809,113
865,2024-01-22,Fashion,927,145
866,2023-01-14,Sports,822,20
867,2023-08-27,Grocery,517,25
868,2024-04-24,Electronics,574,259
869,2023-11-23,Home,935,191
870,2024-05-16,Grocery,970,124
871,2024-02-29,Sports,337,85
872,2023-08-21,Grocery,978,110
873,2023-05-09,Home,835,234
874,2024-09-20,Home,592,127
875,2023-09-15,Fashion,855,181
876,2023-05-22,Grocery,418,165
877,2024-08-08,Toys,694,110
878,2023-01-20,Toys,515,73
879,2024-11-20,Grocery,148,182
880,2024-07-25,Electronics,721,244
881,2024-10-07,Fashion,312,146
882,2024-06-24,Fashion,677,116
883,2023-05-22,Toys,133,78
884,2023-03-25,Fashion,691,20
885,2023-04-13,Toys,609,104
886,2024-08-15,Sports,643,39
887,2024-01-25,Grocery,402,184
888,2023-04-12,Electronics,811,127
889,2023-04-02,Sports,577,277
890,2023-07-24,Sports,172,185
891,2024-02-23,Electronics,525,107
892,2023-04-19,Toys,212,191
893,2023-10-09,Fashion,977,261
894,2023-07-07,Home,499,243
895,2024-05-24,Toys,229,173
896,2024-07-23,Home,798,208
897,2024-01-27,Electronics,170,223
898,2023-07-05,Toys,465,216
899,2023-01-31,Home,722,271
900,2024-04-01,Home,996,215
901,2024-09-13,Fashion,857,110
902,2023-06-06,Home,323,229
903,2023-09-11,Home,691,142
904,2023-05-29,Grocery,435,120
905,2024-03-12,Home,939,21
906,2024-07-21,Home,146,162
907,2023-06-07,Electronics,934,292
908,2024-10-21,Electronics,165,137
909,2023-05-16,Home,383,251
910,2023-02-04,Fashion,738,261
911,2024-08-01,Sports,600,133
912,2024-10-29,Home,244,261
913,2023-09-21,Toys,362,226
914,2023-10-13,Toys,236,143
915,2024-07-06,Electronics,337,212
916,2024-07-18,Fashion,200,227
917,2023-09-22,Toys,853,217
918,2024-03-21,Grocery,768,25
919,2023-05-14,Home,767,296
920,2023-02-09,Sports,270,43
921,2023-07-04,Grocery,328,254
922,2023-07-31,Toys,418,144
923,2023-07-05,Fashion,536,36
924,2024-04-29,Home,661,120
925,2024-12-05,Electronics,454,173
926,2023-07-25,Grocery,619,295
927,2023-09-05,Grocery,754,290
928,2024-04-27,Home,571,238
929,2024-08-18,Grocery,979,296
930,2023-07-07,Toys,416,233
931,2023-09-12,Toys,528,124
932,2023-02-09,Sports,878,53
933,2023-08-30,Electronics,257,198
934,2024-06-25,Fashion,596,168
935,2023-05-08,Sports,556,157
936,2023-07-27,Sports,798,98
937,2023-02-15,Fashion,765,58
938,2023-01-19,Fashion,326,168
939,2023-01-04,Home,295,223
940,2024-06-18,Home,417,229
941,2024-01-25,Home,580,124
942,2024-12-23,Fashion,470,56
943,2023-04-30,Fashion,795,191
944,2023-12-17,Electronics,927,217
945,2024-07-18,Electronics,574,61
946,2024-09-20,Fashion,706,33
947,2024-03-07,Toys,464,73
948,2024-01-22,Electronics,453,258
949,2024-10-02,Electronics,384,264
950,2024-08-25,Toys,420,113
951,2023-07-19,Toys,800,40
952,2023-10-20,Electronics,991,160
953,2024-04-03,Electronics,162,192
954,2023-09-26,Sports,230,245
955,2023-11-07,Sports,988,230
956,2024-01-18,Electronics,494,54
957,2024-08-29,Home,407,139
958,2023-09-18,Grocery,264,122
959,2024-08-30,Grocery,771,212
960,2023-05-22,Grocery,995,201
961,2024-12-23,Toys,774,31
962,2023-04-12,Grocery,460,83
963,2024-09-09,Sports,823,265
964,2023-03-23,Electronics,356,43
965,2024-08-25,Electronics,181,137
966,2024-11-15,Toys,194,33
967,2024-03-16,Toys,843,291
968,2024-06-24,Home,837,225
969,2024-11-18,Toys,863,29
970,2023-02-15,Grocery,369,249
971,2024-01-25,Sports,177,151
972,2023-05-29,Fashion,668,234
973,2024-09-29,Electronics,187,224
974,2024-12-30,Electronics,290,145
975,2024-09-06,Toys,286,160
976,2023-09-19,Toys,347,287
977,2024-08-08,Fashion,496,261
978,2023-11-06,Toys,947,271
979,2023-12-30,Electronics,315,138
980,2024-02-20,Grocery,181,47
981,2023-01-05,Sports,323,257
982,2023-08-10,Home,317,191
983,2024-04-19,Fashion,359,82
984,2023-10-23,Home,742,123
985,2023-01-15,Home,951,156
986,2024-04-19,Fashion,442,125
987,2024-02-19,Sports,249,295
988,2024-06-22,Electronics,480,228
989,2024-07-23,Home,731,143
990,2023-12-12,Sports,394,205
991,2023-01-17,Grocery,961,208
992,2023-07-10,Fashion,344,247
993,2023-11-04,Toys,893,122
994,2023-02-15,Home,193,258
995,2023-09-20,Fashion,386,172
996,2024-10-22,Home,944,47
997,2023-10-21,Electronics,487,160
998,2023-09-23,Grocery,870,44
999,2024-02-03,Home,629,192
1000,2023-03-26,Grocery,487,178
1001,2023-07-01,Electronics,750,109
1002,2023-10-31,Fashion,604,128
1003,2023-07-09,Sports,952,93
1004,2024-04-25,Grocery,327,26
1005,2023-04-10,Sports,377,251
1006,2023-09-05,Grocery,902,236
1007,2024-07-12,Fashion,245,226
1008,2024-06-09,Fashion,871,213
1009,2023-06-05,Electronics,311,211
1010,2024-02-12,Grocery,714,213
1011,2023-05-25,Home,941,244
1012,2023-08-17,Toys,526,203
1013,2024-03-27,Toys,672,95
1014,2024-09-06,Toys,647,293
1015,2023-07-23,Sports,680,210
1016,2024-02-02,Electronics,743,201
1017,2024-10-05,Sports,743,58
1018,2024-02-08,Home,519,299
1019,2024-08-21,Fashion,987,150
1020,2024-05-03,Grocery,511,168
1021,2023-08-17,Home,471,104
1022,2023-04-10,Sports,587,233
1023,2024-05-06,Sports,748,184
1024,2024-09-01,Electronics,333,231
1025,2024-02-28,Electronics,291,142
1026,2023-06-15,Fashion,140,200
1027,2023-08-22,Grocery,897,182
1028,2024-03-09,Sports,483,54
1029,2024-10-23,Sports,623,92
1030,2024-09-30,Grocery,809,289
1031,2024-04-15,Electronics,623,108
1032,2024-11-26,Home,690,21
1033,2023-02-28,Sports,906,70
1034,2023-06-14,Grocery,674,212
1035,2024-06-30,Grocery,583,212
1036,2023-10-14,Electronics,209,126
1037,2023-09-23,Toys,360,254
1038,2024-08-02,Toys,760,288
1039,2024-08-29,Home,728,202
1040,2023-01-29,Fashion,118,260
1041,2024-01-07,Sports,138,107
1042,2023-09-24,Grocery,987,209
1043,2024-07-04,Fashion,912,99
1044,2024-04-27,Toys,150,185
1045,2024-11-23,Sports,493,58
1046,2024-06-30,Electronics,714,161
1047,2023-05-21,Grocery,768,85
1048,2024-12-25,Electronics,904,279
1049,2024-10-27,Toys,207,132
1050,2024-04-17,Fashion,476,36
1051,2023-05-31,Toys,801,131
1052,2023-02-04,Toys,272,72
1053,2024-06-04,Electronics,155,46
1054,2023-03-16,Sports,589,266
1055,2023-11-28,Grocery,738,70
1056,2024-08-27,Grocery,329,270
1057,2023-03-31,Toys,552,85
1058,2024-09-05,Electronics,256,138
1059,2023-07-31,Electronics,844,70
1060,2024-02-14,Home,878,20
1061,2024-11-02,Grocery,912,160
1062,2024-09-10,Electronics,185,56
1063,2023-07-27,Sports,655,246
1064,2023-09-28,Fashion,972,63
1065,2024-11-30,Grocery,220,243
1066,2023-04-03,Home,638,125
1067,2024-01-27,Electronics,469,298
1068,2024-06-26,Sports,620,161
1069,2024-07-24,Fashion,943,98
1070,2023-02-09,Grocery,772,92
1071,2023-12-18,Sports,675,265
1072,2024-10-04,Toys,940,75
1073,2024-02-07,Home,901,277
1074,2024-01-06,Electronics,578,124
1075,2024-10-14,Grocery,820,26
1076,2023-05-06,Electronics,972,161
1077,2023-10-31,Grocery,922,227
1078,2024-11-09,Grocery,380,154
1079,2024-11-23,Sports,287,226
1080,2023-06-10,Toys,874,33
1081,2023-04-12,Sports,173,225
1082,2024-01-24,Electronics,917,216
1083,2024-05-24,Grocery,426,138
1084,2024-12-13,Toys,799,223
1085,2024-04-05,Home,310,192
1086,2024-08-10,Fashion,453,278
1087,2024-11-04,Electronics,209,206
1088,2023-12-30,Electronics,142,94
1089,2024-07-27,Sports,660,53
1090,2023-04-11,Fashion,632,122
1091,2023-07-27,Sports,609,261
1092,2024-08-05,Sports,629,83
1093,2024-03-06,Fashion,528,244
1094,2024-02-18,Fashion,603,201
1095,2023-06-03,Sports,340,268
1096,2024-04-09,Fashion,875,150
1097,2023-10-24,Toys,165,213
1098,2024-10-26,Toys,659,265
1099,2023-07-31,Grocery,826,144
1100,2023-11-05,Sports,637,126
1101,2024-01-06,Home,588,211
1102,2023-11-25,Electronics,987,273
1103,2024-03-06,Toys,952,189
1104,2023-11-27,Home,849,212
1105,2024-09-28,Electronics,160,175
1106,2024-12-01,Electronics,302,74
1107,2024-05-20,Sports,278,48
1108,2024-10-27,Home,767,128
1109,2023-04-27,Toys,732,168
1110,2023-04-06,Grocery,995,90
1111,2024-06-29,Sports,126,226
1112,2023-02-17,Toys,263,53
1113,2024-01-24,Electronics,257,76
1114,2023-08-12,Toys,548,153
1115,2024-01-02,Electronics,362,296
1116,2024-12-08,Home,170,147
1117,2024-08-18,Sports,563,116
1118,2023-06-13,Home,532,269
1119,2023-02-15,Sports,864,236
1120,2024-10-29,Toys,132,48
1121,2024-05-04,Fashion,880,197
1122,2024-09-21,Electronics,758,216
1123,2024-08-13,Sports,303,169
1124,2023-01-17,Home,861,44
1125,2024-11-09,Electronics,589,140
1126,2023-09-28,Electronics,473,144
1127,2023-06-27,Electronics,311,55
1128,2024-11-15,Electronics,836,186
1129,2024-09-11,Grocery,396,56
1130,2024-06-09,Electronics,595,109
1131,2023-02-11,Home,746,48
1132,2024-11-29,Home,150,98
1133,2023-12-19,Grocery,161,39
1134,2023-08-10,Electronics,549,259
1135,2024-06-14,Electronics,237,182
1136,2023-12-12,Home,585,294
1137,2023-12-23,Sports,595,242
1138,2023-11-12,Grocery,620,54
1139,2024-02-15,Fashion,131,95
1140,2023-09-04,Toys,600,248
1141,2023-10-07,Grocery,698,103
1142,2024-05-13,Fashion,815,285
1143,2023-01-18,Electronics,974,70
1144,2024-04-24,Fashion,867,217
1145,2024-03-05,Sports,665,245
1146,2024-07-30,Electronics,291,248
1147,2023-03-27,Home,152,238
1148,2024-03-21,Electronics,791,95
1149,2023-10-06,Home,743,193
1150,2024-12-27,Toys,444,151
1151,2023-05-20,Electronics,816,272
1152,2024-08-30,Grocery,681,287
1153,2024-03-05,Fashion,727,140
1154,2023-05-24,Grocery,770,299
1155,2023-10-22,Grocery,510,71
1156,2023-05-23,Grocery,377,174
1157,2024-12-28,Home,345,186
1158,2023-09-24,Sports,343,238
1159,2024-04-17,Sports,167,32
1160,2023-09-20,Fashion,686,112
1161,2024-02-11,Electronics,630,288
1162,2023-06-09,Home,603,179
1163,2023-03-29,Toys,143,289
1164,2024-02-07,Toys,641,58
1165,2024-02-06,Grocery,261,134
1166,2023-01-29,Home,364,174
1167,2024-07-22,Sports,930,131
1168,2023-05-07,Toys,697,289
1169,2023-02-23,Sports,347,252
1170,2024-11-23,Toys,171,206
1171,2023-04-09,Sports,485,107
1172,2023-11-30,Home,395,149
1173,2024-03-21,Electronics,870,57
1174,2023-04-13,Toys,405,188
1175,2024-08-03,Home,752,94
1176,2024-03-04,Home,329,184
1177,2024-04-09,Grocery,516,126
1178,2024-08-16,Electronics,553,251
1179,2023-03-15,Grocery,500,198
1180,2023-02-16,Home,696,225
1181,2024-09-05,Grocery,266,22
1182,2024-08-15,Electronics,673,228
1183,2023-02-07,Fashion,699,197
1184,2023-09-11,Grocery,702,171
1185,2024-12-04,Grocery,867,130
1186,2023-09-29,Electronics,699,228
1187,2023-03-22,Home,983,266
1188,2023-08-24,Toys,998,230
1189,2023-05-06,Grocery,960,240
1190,2023-07-02,Home,940,93
1191,2024-07-09,Electronics,534,272
1192,2023-10-21,Toys,637,117
1193,2024-07-27,Toys,926,20
1194,2024-06-24,Home,370,49
1195,2024-04-03,Electronics,671,62
1196,2023-04-04,Grocery,374,274
1197,2024-11-05,Electronics,797,57
1198,2024-07-21,Home,880,98
1199,2024-05-23,Grocery,472,100
1200,2024-10-31,Home,391,135
1201,2024-02-09,Home,503,190
1202,2024-04-04,Fashion,381,267
1203,2024-02-17,Electronics,511,174
1204,2024-11-25,Home,504,269
1205,2024-08-26,Sports,392,57
1206,2024-11-16,Toys,451,74
1207,2023-12-10,Sports,880,278
1208,2023-04-19,Sports,585,239
1209,2024-06-17,Toys,823,21
1210,2024-03-09,Home,126,195
1211,2024-12-13,Grocery,623,254
1212,2024-03-20,Grocery,382,198
1213,2024-07-12,Electronics,503,270
1214,2023-11-19,Toys,613,89
1215,2023-05-01,Electronics,595,107
1216,2024-04-30,Fashion,371,162
1217,2024-12-27,Sports,618,127
1218,2023-10-20,Electronics,573,233
1219,2023-10-01,Fashion,806,98
1220,2024-06-05,Fashion,757,81
1221,2023-09-20,Home,147,127
1222,2024-10-11,Sports,441,82
1223,2024-12-19,Sports,489,298
1224,2024-02-10,Toys,151,282
1225,2023-07-03,Toys,590,176
1226,2024-09-06,Sports,512,112
1227,2024-06-30,Fashion,198,217
1228,2024-07-21,Grocery,308,60
1229,2024-06-10,Toys,339,196
1230,2024-03-04,Home,605,228
1231,2024-04-18,Sports,703,142
1232,2024-03-24,Toys,319,82
1233,2024-08-01,Toys,725,190
1234,2023-06-16,Home,426,298
1235,2023-11-07,Grocery,665,37
1236,2024-06-02,Fashion,494,276
1237,2023-12-24,Sports,584,250
1238,2023-02-13,Grocery,354,117
1239,2024-03-09,Grocery,770,161
1240,2024-02-15,Grocery,242,256
1241,2024-06-05,Electronics,893,72
1242,2023-03-23,Grocery,946,239
1243,2024-12-05,Fashion,767,29
1244,2023-03-23,Fashion,808,54
1245,2023-10-14,Grocery,620,131
1246,2023-03-05,Electronics,756,291
1247,2023-06-18,Electronics,389,244
1248,2023-06-27,Fashion,950,60
1249,2024-02-28,Sports,254,185
1250,2024-05-02,Home,189,66
1251,2023-03-13,Toys,549,178
1252,2024-06-12,Electronics,593,32
1253,2024-02-16,Home,890,70
1254,2023-12-04,Fashion,475,34
1255,2023-04-13,Electronics,928,100
1256,2023-05-18,Grocery,934,87
1257,2023-01-18,Toys,793,62
1258,2024-03-08,Fashion,554,52
1259,2023-03-25,Grocery,329,140
1260,2024-04-29,Toys,685,121
1261,2023-05-07,Fashion,349,242
1262,2023-05-21,Toys,672,172
1263,2023-06-27,Grocery,874,91
1264,2024-02-21,Electronics,191,218
1265,2023-03-07,Grocery,162,27
1266,2024-06-08,Toys,196,72
1267,2024-01-01,Toys,285,35
1268,2023-09-15,Fashion,589,149
1269,2024-04-19,Grocery,629,255
1270,2024-04-12,Grocery,262,149
1271,2024-07-01,Grocery,945,86
1272,2024-09-30,Electronics,568,254
1273,2023-09-26,Toys,201,223
1274,2023-02-17,Toys,440,65
1275,2023-01-03,Toys,169,184
1276,2024-02-28,Sports,488,230
1277,2024-04-28,Electronics,840,250
1278,2024-03-09,Home,980,282
1279,2024-04-22,Fashion,943,273
1280,2024-08-10,Electronics,950,219
1281,2023-10-20,Grocery,847,138
1282,2023-04-23,Grocery,240,106
1283,2024-06-26,Fashion,253,92
1284,2024-04-30,Sports,116,171
1285,2023-11-13,Toys,625,31
1286,2024-03-18,Toys,114,126
1287,2024-01-08,Electronics,207,56
1288,2023-10-09,Fashion,987,22
1289,2023-10-22,Toys,242,42
1290,2024-07-12,Fashion,303,31
1291,2024-09-09,Home,134,101
1292,2024-10-18,Grocery,704,161
1293,2023-09-25,Sports,500,30
1294,2023-03-04,Sports,637,177
1295,2024-07-21,Toys,133,41
1296,2023-01-28,Sports,897,91
1297,2024-03-17,Electronics,795,171
1298,2024-06-13,Fashion,212,74
1299,2024-04-10,Sports,935,199
1300,2024-01-10,Fashion,986,51
1301,2023-05-19,Fashion,913,81
1302,2023-05-23,Grocery,415,175
1303,2023-12-31,Sports,896,105
1304,2024-12-23,Home,495,250
1305,2024-04-11,Sports,138,161
1306,2023-04-08,Grocery,639,169
1307,2024-09-26,Sports,806,198
1308,2023-02-28,Sports,199,161
1309,2023-03-24,Electronics,503,207
1310,2023-12-14,Toys,763,52
1311,2024-01-14,Grocery,987,45
1312,2024-09-14,Toys,601,239
1313,2023-10-14,Fashion,558,148
1314,2024-05-12,Grocery,879,251
1315,2024-06-05,Electronics,563,117
1316,2023-10-24,Electronics,409,98
1317,2023-01-10,Toys,977,191
1318,2024-07-16,Fashion,469,243
1319,2023-08-05,Sports,586,33
1320,2024-03-14,Grocery,273,297
1321,2023-03-20,Sports,972,144
1322,2023-12-11,Home,127,288
1323,2024-10-01,Sports,387,117
1324,2024-06-15,Home,950,158
1325,2023-05-25,Grocery,942,219
1326,2024-02-05,Toys,707,61
1327,2024-06-13,Toys,146,176
1328,2024-03-07,Grocery,165,21
1329,2023-04-17,Sports,557,53
1330,2024-10-13,Fashion,375,81
1331,2024-04-26,Sports,962,105
1332,2023-03-04,Electronics,461,166
1333,2024-01-01,Electronics,699,122
1334,2023-08-25,Fashion,721,262
1335,2023-02-10,Grocery,461,206
1336,2023-09-04,Sports,989,35
1337,2024-03-11,Home,736,272
1338,2023-12-13,Grocery,974,225
1339,2023-04-03,Sports,915,185
1340,2024-06-14,Home,629,239
1341,2024-11-20,Electronics,674,153
1342,2024-07-14,Grocery,259,30
1343,2024-02-25,Fashion,551,273
1344,2023-07-31,Grocery,238,30
1345,2023-04-25,Home,964,257
1346,2024-10-25,Fashion,636,41
1347,2024-06-17,Electronics,616,191
1348,2023-12-26,Electronics,425,202
1349,2024-01-17,Electronics,225,179
1350,2023-02-14,Home,916,253
1351,2023-03-15,Home,378,289
1352,2024-05-19,Home,344,274
1353,2023-10-12,Fashion,145,142
1354,2024-03-14,Electronics,176,217
1355,2023-10-27,Home,679,217
1356,2024-07-13,Grocery,538,98
1357,2024-10-14,Toys,966,92
1358,2024-02-01,Sports,948,186
1359,2024-01-10,Fashion,809,283
1360,2023-10-08,Electronics,786,256
1361,2023-01-15,Toys,310,221
1362,2024-04-13,Home,711,52
1363,2024-02-11,Grocery,209,239
1364,2024-03-16,Grocery,398,283
1365,2023-12-16,Fashion,622,53
1366,2023-09-19,Grocery,715,50
1367,2023-04-05,Fashion,682,284
1368,2024-03-19,Fashion,101,59
1369,2024-02-19,Toys,804,289
1370,2023-02-19,Toys,724,290
1371,2024-04-18,Sports,810,31
1372,2024-06-15,Electronics,442,234
1373,2024-09-12,Grocery,919,89
1374,2023-06-02,Sports,553,28
1375,2024-05-09,Electronics,165,228
1376,2023-04-25,Electronics,665,78
1377,2023-04-28,Electronics,889,90
1378,2023-09-22,Electronics,905,45
1379,2024-09-05,Grocery,349,122
1380,2024-08-15,Home,229,89
1381,2024-12-21,Electronics,240,221
1382,2023-05-21,Sports,386,117
1383,2024-07-26,Toys,361,278
1384,2023-10-09,Toys,196,300
1385,2023-06-07,Electronics,489,296
1386,2024-03-02,Home,279,82
1387,2024-12-21,Electronics,778,124
1388,2023-10-30,Home,737,272
1389,2023-10-24,Home,253,149
1390,2023-07-29,Sports,193,216
1391,2024-10-13,Home,326,28
1392,2024-07-08,Grocery,642,166
1393,2023-01-17,Electronics,209,288
1394,2024-02-18,Grocery,297,138
1395,2024-08-18,Grocery,951,190
1396,2023-03-07,Toys,613,256
1397,2024-09-07,Sports,429,261
1398,2024-10-06,Toys,292,264
1399,2023-12-02,Grocery,892,281
1400,2023-04-13,Home,927,74
1401,2023-09-09,Toys,504,152
1402,2023-01-12,Toys,265,92
1403,2024-07-12,Toys,587,178
1404,2023-06-18,Home,539,173
1405,2024-01-17,Electronics,319,27
1406,2024-06-21,Sports,409,141
1407,2023-09-01,Home,322,75
1408,2023-02-18,Sports,379,123
1409,2023-04-03,Toys,693,92
1410,2023-07-23,Home,218,192
1411,2023-05-24,Electronics,210,77
1412,2023-08-15,Toys,207,182
1413,2024-07-27,Toys,365,82
1414,2024-07-03,Sports,575,185
1415,2024-02-13,Grocery,208,132
1416,2023-01-18,Electronics,128,172
1417,2024-08-03,Toys,831,130
1418,2024-02-17,Grocery,192,238
1419,2024-03-09,Home,246,76
1420,2024-04-13,Grocery,554,174
1421,2024-02-08,Electronics,826,88
1422,2023-11-17,Home,432,56
1423,2024-08-21,Fashion,363,74
1424,2023-12-07,Fashion,992,179
1425,2023-05-05,Toys,661,166
1426,2024-02-24,Fashion,131,246
1427,2023-09-18,Grocery,327,161
1428,2024-05-30,Grocery,474,30
1429,2023-10-23,Sports,243,187
1430,2023-12-11,Toys,311,20
1431,2024-09-07,Fashion,617,300
1432,2024-10-30,Home,867,110
1433,2024-05-28,Sports,342,86
1434,2023-10-01,Electronics,872,94
1435,2023-11-10,Electronics,937,95
1436,2024-09-14,Home,560,298
1437,2023-02-10,Fashion,395,122
1438,2023-05-14,Fashion,627,36
1439,2023-02-08,Electronics,298,147
1440,2024-04-06,Electronics,216,136
1441,2023-02-20,Grocery,738,63
1442,2023-06-18,Fashion,174,85
1443,2023-02-24,Fashion,123,259
1444,2023-02-12,Sports,236,95
1445,2024-02-18,Fashion,785,168
1446,2024-02-10,Fashion,486,124
1447,2023-11-26,Toys,858,66
1448,2023-02-20,Electronics,116,208
1449,2024-09-11,Home,449,55
1450,2023-01-03,Home,981,278
1451,2023-06-09,Electronics,680,277
1452,2023-12-03,Fashion,795,279
1453,2023-05-28,Sports,881,193
1454,2023-06-10,Fashion,934,145
1455,2024-02-13,Home,683,133
1456,2023-04-29,Sports,950,202
1457,2023-01-01,Home,451,267
1458,2024-04-14,Grocery,117,198
1459,2024-07-06,Home,856,191
1460,2024-07-13,Fashion,807,246
1461,2024-01-30,Toys,798,129
1462,2024-07-24,Fashion,131,179
1463,2024-12-06,Electronics,446,65
1464,2023-03-22,Toys,318,267
1465,2024-07-28,Sports,472,57
1466,2023-12-11,Fashion,469,211
1467,2023-05-16,Fashion,405,53
1468,2024-07-13,Sports,185,75
1469,2024-11-12,Toys,124,97
1470,2023-03-01,Home,552,140
1471,2024-04-17,Sports,723,252
1472,2023-12-08,Sports,576,277
1473,2024-04-28,Home,424,35
1474,2024-06-01,Fashion,533,26
1475,2024-06-11,Fashion,102,214
1476,2024-04-22,Sports,133,149
1477,2023-01-13,Sports,350,274
1478,2023-11-07,Sports,774,300
1479,2024-12-14,Electronics,608,29
1480,2023-10-14,Toys,275,95
1481,2023-10-14,Fashion,380,181
1482,2024-03-28,Grocery,643,172
1483,2024-01-16,Toys,923,184
1484,2024-10-24,Electronics,305,78
1485,2023-09-04,Fashion,435,261
1486,2023-03-28,Electronics,851,249
1487,2023-12-25,Home,361,110
1488,2024-06-05,Home,685,167
1489,2023-05-28,Fashion,423,39
1490,2024-04-30,Home,104,249
1491,2024-11-10,Sports,954,128
1492,2023-09-18,Home,394,99
1493,2023-08-12,Home,167,287
1494,2024-07-23,Sports,815,21
1495,2024-04-27,Electronics,908,181
1496,2023-01-09,Sports,386,52
1497,2024-02-21,Sports,860,193
1498,2024-06-21,Grocery,111,194
1499,2023-11-27,Electronics,781,287
1500,2023-08-30,Fashion,880,297
1501,2023-02-22,Electronics,650,82
1502,2023-09-23,Fashion,692,253
1503,2024-03-20,Sports,932,182
1504,2023-01-25,Fashion,769,254
1505,2023-06-18,Home,286,25
1506,2023-02-02,Home,753,72
1507,2024-12-13,Grocery,230,199
1508,2023-07-13,Sports,989,199
1509,2024-10-20,Fashion,960,33
1510,2024-12-20,Grocery,394,148
1511,2024-04-13,Grocery,760,227
1512,2024-07-26,Grocery,282,200
1513,2023-10-06,Home,269,81
1514,2023-12-15,Home,638,162
1515,2023-05-13,Grocery,579,68
1516,2023-02-07,Fashion,668,69
1517,2023-02-28,Home,184,112
1518,2023-03-14,Grocery,944,216
1519,2023-02-14,Sports,784,173
1520,2024-01-12,Sports,866,50
1521,2024-03-26,Home,273,212
1522,2024-06-11,Grocery,304,272
1523,2023-08-15,Home,163,105
1524,2023-02-01,Electronics,108,131
1525,2023-07-30,Toys,182,253
1526,2023-02-07,Electronics,110,52
1527,2024-01-17,Fashion,724,170
1528,2024-07-11,Sports,101,42
1529,2024-07-28,Home,125,250
1530,2023-06-13,Toys,584,127
1531,2024-06-23,Grocery,743,263
1532,2023-03-08,Electronics,651,226
1533,2023-12-04,Toys,262,24
1534,2023-05-24,Electronics,212,166
1535,2023-11-11,Fashion,748,23
1536,2023-01-18,Grocery,154,131
1537,2024-01-26,Toys,822,294
1538,2023-01-13,Toys,583,26
1539,2023-09-03,Toys,991,133
1540,2023-06-02,Home,634,32
1541,2024-09-30,Home,370,93
1542,2024-05-16,Electronics,363,182
1543,2024-09-05,Sports,732,36
1544,2024-09-24,Home,886,66
1545,2024-07-07,Grocery,856,126
1546,2023-06-24,Sports,176,271
1547,2023-10-08,Home,899,236
1548,2024-11-11,Fashion,586,186
1549,2023-06-27,Toys,932,94
1550,2023-01-02,Grocery,301,66
1551,2024-02-21,Electronics,146,138
1552,2024-08-12,Home,239,244
1553,2023-11-19,Home,870,41
1554,2023-09-25,Fashion,841,200
1555,2023-01-07,Grocery,340,68
1556,2023-09-21,Sports,787,201
1557,2023-08-20,Electronics,111,201
1558,2023-10-18,Toys,830,298
1559,2023-09-03,Home,264,154
1560,2024-03-18,Electronics,193,41
1561,2023-02-07,Grocery,697,244
1562,2023-09-15,Toys,772,198
1563,2024-07-19,Home,569,119
1564,2023-11-08,Fashion,116,236
1565,2023-11-02,Grocery,483,148
1566,2023-01-14,Fashion,669,131
1567,2024-11-03,Sports,866,287
1568,2024-09-07,Sports,828,227
1569,2023-08-27,Sports,622,162
1570,2024-10-25,Fashion,218,98
1571,2023-04-29,Grocery,199,154
1572,2023-09-16,Toys,101,122
1573,2024-12-19,Toys,505,103
1574,2024-12-30,Home,721,196
1575,2023-10-15,Toys,869,232
1576,2024-04-15,Electronics,733,203
1577,2024-04-09,Toys,769,112
1578,2023-08-01,Grocery,142,209
1579,2023-02-02,Sports,620,265
1580,2024-11-06,Fashion,278,147
1581,2024-01-19,Grocery,164,170
1582,2023-04-01,Home,697,50
1583,2023-09-18,Fashion,264,181
1584,2023-08-06,Sports,446,240
1585,2024-08-27,Home,970,163
1586,2023-11-20,Toys,436,189
1587,2023-08-07,Toys,471,140
1588,2024-10-12,Sports,519,118
1589,2024-12-18,Fashion,563,128
1590,2023-08-31,Electronics,801,52
1591,2023-02-26,Toys,571,108
1592,2024-01-30,Fashion,494,193
1593,2024-04-03,Fashion,568,264
1594,2023-12-07,Home,449,198
1595,2023-08-28,Grocery,467,29
1596,2023-06-12,Sports,321,110
1597,2023-09-21,Electronics,342,231
1598,2023-09-19,Electronics,330,68
1599,2024-05-27,Electronics,226,265
1600,2023-01-16,Home,574,67
1601,2024-11-05,Home,281,245
1602,2023-03-11,Home,535,90
1603,2024-02-01,Toys,220,64
1604,2024-10-06,Electronics,954,86
1605,2024-05-07,Toys,103,119
1606,2024-08-27,Electronics,902,158
1607,2024-11-05,Home,259,254
1608,2023-01-10,Toys,100,202
1609,2023-06-21,Home,325,298
1610,2023-06-15,Electronics,925,27
1611,2024-07-11,Electronics,997,123
1612,2023-01-17,Toys,255,79
1613,2024-09-14,Home,887,159
1614,2023-11-09,Fashion,626,148
1615,2023-03-04,Home,142,93
1616,2023-10-13,Fashion,850,38
1617,2024-02-01,Home,642,291
1618,2024-05-17,Sports,300,70
1619,2023-08-15,Fashion,178,83
1620,2023-03-31,Home,221,66
1621,2024-08-30,Home,759,50
1622,2023-08-09,Electronics,332,192
1623,2024-02-11,Grocery,626,279
1624,2023-07-12,Electronics,633,276
1625,2023-08-28,Home,178,212
1626,2023-08-28,Sports,267,62
1627,2024-02-17,Fashion,674,143
1628,2024-09-22,Grocery,541,199
1629,2024-03-13,Fashion,691,71
1630,2024-06-12,Grocery,740,253
1631,2024-04-19,Sports,274,29
1632,2023-08-21,Sports,527,149
1633,2023-07-15,Sports,113,31
1634,2023-06-15,Sports,216,255
1635,2024-01-17,Sports,415,65
1636,2024-05-19,Grocery,861,222
1637,2023-06-28,Electronics,101,75
1638,2023-07-29,Sports,329,178
1639,2024-04-23,Home,704,29
1640,2023-12-01,Sports,276,38
1641,2023-02-19,Sports,441,182
1642,2024-10-29,Sports,869,31
1643,2023-08-15,Electronics,960,160
1644,2024-03-03,Electronics,964,208
1645,2023-01-16,Sports,411,29
1646,2024-11-23,Home,603,222
1647,2024-03-17,Toys,695,72
1648,2024-04-17,Fashion,208,91
1649,2023-04-02,Electronics,861,272
1650,2024-06-09,Home,912,130
1651,2024-02-04,Sports,764,89
1652,2024-04-27,Toys,935,97
1653,2024-03-27,Sports,346,76
1654,2024-02-09,Home,376,201
1655,2023-11-07,Electronics,328,60
1656,2023-09-19,Toys,881,64
1657,2024-07-24,Toys,742,164
1658,2024-01-25,Home,771,259
1659,2023-04-28,Fashion,793,149
1660,2023-04-28,Fashion,717,106
1661,2024-10-05,Fashion,629,64
1662,2024-11-06,Fashion,616,73
1663,2023-04-19,Sports,349,281
1664,2023-01-06,Toys,288,129
1665,2024-01-06,Grocery,153,226
1666,2024-10-09,Sports,318,298
1667,2024-09-01,Toys,787,189
1668,2023-05-31,Fashion,803,141
1669,2023-04-06,Electronics,524,223
1670,2023-02-10,Electronics,595,138
1671,2023-08-20,Fashion,959,272
1672,2023-05-11,Electronics,558,274
1673,2024-10-25,Fashion,263,61
1674,2023-04-07,Fashion,631,20
1675,2024-12-06,Grocery,499,47
1676,2024-01-01,Grocery,388,59
1677,2024-02-01,Toys,790,59
1678,2023-07-15,Home,137,88
1679,2024-12-10,Sports,697,259
1680,2023-07-04,Fashion,963,123
1681,2024-12-12,Home,862,71
1682,2023-08-21,Sports,732,267
1683,2024-06-06,Electronics,836,235
1684,2023-01-23,Fashion,596,59
1685,2023-03-05,Toys,660,102
1686,2024-09-27,Grocery,514,129
1687,2024-10-19,Grocery,849,258
1688,2023-08-13,Toys,108,137
1689,2024-04-17,Home,594,270
1690,2024-08-07,Toys,754,158
1691,2023-01-07,Sports,863,232
1692,2023-05-16,Toys,113,104
1693,2024-02-06,Electronics,654,137
1694,2023-04-14,Home,401,210
1695,2023-03-27,Home,811,157
1696,2024-12-20,Fashion,800,209
1697,2024-11-05,Electronics,648,58
1698,2023-08-08,Sports,809,287
1699,2023-12-24,Fashion,843,46
1700,2023-02-03,Grocery,236,23
1701,2024-03-11,Fashion,244,250
1702,2023-02-12,Grocery,248,84
1703,2024-10-26,Fashion,845,242
1704,2024-07-27,Toys,353,229
1705,2023-07-12,Electronics,409,214
1706,2023-06-03,Grocery,264,289
1707,2024-03-14,Electronics,722,221
1708,2023-04-04,Toys,156,191
1709,2024-12-10,Fashion,767,24
1710,2024-06-13,Grocery,336,235
1711,2023-06-22,Home,635,257
1712,2023-11-28,Home,370,146
1713,2023-10-08,Fashion,528,92
1714,2024-03-09,Toys,324,286
1715,2023-10-02,Sports,595,61
1716,2024-11-24,Toys,820,297
1717,2024-11-06,Toys,368,207
1718,2024-02-13,Toys,834,91
1719,2024-08-23,Home,391,172
1720,2024-12-24,Home,645,214
1721,2023-03-18,Fashion,242,213
1722,2024-12-05,Sports,129,102
1723,2024-07-06,Toys,524,46
1724,2024-09-22,Electronics,594,86
1725,2023-06-17,Toys,607,60
1726,2023-03-25,Home,849,218
1727,2023-12-01,Fashion,397,82
1728,2023-09-07,Sports,804,50
1729,2023-07-02,Home,617,242
1730,2023-09-11,Sports,662,288
1731,2024-12-17,Home,184,290
1732,2023-10-12,Toys,370,96
1733,2023-04-15,Toys,863,232
1734,2024-01-21,Electronics,778,221
1735,2024-01-15,Toys,786,91
1736,2023-01-12,Grocery,842,179
1737,2023-11-08,Fashion,492,154
1738,2024-05-09,Home,685,142
1739,2024-06-04,Electronics,592,179
1740,2023-05-22,Fashion,140,289
1741,2024-07-21,Fashion,636,155
1742,2024-02-27,Home,333,166
1743,2024-06-01,Toys,718,164
1744,2023-01-07,Sports,491,129
1745,2024-07-28,Sports,967,288
1746,2023-12-29,Sports,978,156
1747,2024-04-12,Fashion,236,85
1748,2023-03-27,Electronics,877,29
1749,2024-07-04,Home,120,67
1750,2024-11-08,Toys,345,30
1751,2023-11-23,Toys,227,210
1752,2024-02-18,Electronics,943,84
1753,2023-07-18,Fashion,572,284
1754,2024-12-10,Electronics,707,40
1755,2023-08-06,Sports,679,248
1756,2024-05-12,Grocery,378,58
1757,2024-02-27,Grocery,763,136
1758,2024-09-05,Home,150,107
1759,2023-03-25,Fashion,367,110
1760,2023-09-11,Grocery,713,119
1761,2023-03-13,Home,581,266
1762,2023-02-17,Fashion,234,199
1763,2024-02-12,Grocery,970,222
1764,2023-10-01,Fashion,931,59
1765,2023-06-06,Sports,560,220
1766,2024-02-26,Electronics,934,205
1767,2024-11-07,Fashion,744,88
1768,2024-06-14,Fashion,491,218
1769,2024-07-16,Home,487,53
1770,2023-05-21,Sports,213,195
1771,2023-02-26,Sports,698,220
1772,2024-11-23,Grocery,234,193
1773,2023-12-07,Electronics,818,125
1774,2023-04-29,Grocery,301,171
1775,2023-08-03,Toys,912,84
1776,2023-09-28,Sports,693,216
1777,2023-06-24,Electronics,306,214
1778,2023-04-16,Grocery,524,227
1779,2023-06-03,Fashion,803,275
1780,2024-05-22,Toys,155,162
1781,2023-09-18,Sports,482,226
1782,2024-01-21,Grocery,561,268
1783,2023-10-10,Fashion,737,84
1784,2023-03-14,Sports,155,215
1785,2023-08-10,Sports,879,94
1786,2023-06-14,Fashion,112,291
1787,2024-12-11,Sports,518,85
1788,2024-12-27,Grocery,465,49
1789,2023-10-23,Fashion,673,292
1790,2023-03-14,Sports,537,66
1791,2023-04-10,Home,561,32
1792,2023-10-09,Fashion,516,68
1793,2023-03-16,Fashion,883,97
1794,2024-09-29,Fashion,723,104
1795,2024-10-19,Sports,655,175
1796,2023-03-13,Sports,858,263
1797,2023-09-20,Sports,795,96
1798,2024-07-01,Home,333,231
1799,2023-07-19,Electronics,949,40
1800,2024-12-03,Sports,902,222
1801,2023-01-28,Grocery,518,158
1802,2024-03-07,Home,703,42
1803,2023-05-13,Toys,261,224
1804,2024-03-11,Home,282,156
1805,2023-11-17,Fashion,556,211
1806,2024-07-18,Electronics,242,107
1807,2023-11-15,Grocery,954,52
1808,2023-07-19,Electronics,467,244
1809,2024-10-25,Grocery,168,270
1810,2024-03-12,Electronics,654,162
1811,2024-08-13,Home,662,227
1812,2024-12-15,Toys,591,249
1813,2023-03-16,Sports,776,101
1814,2023-08-17,Grocery,138,234
1815,2023-04-23,Toys,501,277
1816,2024-06-17,Home,177,193
1817,2023-10-19,Sports,397,243
1818,2024-09-07,Home,488,189
1819,2023-09-23,Sports,556,100
1820,2024-02-16,Sports,986,50
1821,2024-07-14,Grocery,716,271
1822,2023-03-17,Sports,175,204
1823,2024-06-29,Sports,919,244
1824,2024-09-15,Grocery,298,149
1825,2023-12-12,Electronics,757,121
1826,2023-09-25,Electronics,858,29
1827,2023-07-28,Home,664,108
1828,2023-06-02,Grocery,894,222
1829,2024-03-03,Toys,104,220
1830,2024-08-30,Grocery,155,37
1831,2023-09-18,Toys,284,56
1832,2023-09-11,Fashion,315,195
1833,2024-04-15,Toys,710,94
1834,2023-06-26,Grocery,770,188
1835,2023-12-22,Toys,928,118
1836,2024-07-07,Toys,806,85
1837,2024-01-21,Fashion,733,96
1838,2023-05-04,Grocery,835,83
1839,2024-09-23,Grocery,225,78
1840,2023-12-19,Home,286,42
1841,2023-04-26,Fashion,404,206
1842,2023-02-20,Grocery,814,127
1843,2023-09-21,Electronics,651,111
1844,2023-04-19,Electronics,259,251
1845,2023-08-07,Home,607,200
1846,2023-06-18,Home,860,250
1847,2024-11-10,Fashion,118,250
1848,2024-09-06,Sports,147,41
1849,2023-03-19,Fashion,203,297
1850,2024-11-20,Sports,280,239
1851,2024-01-02,Home,699,190
1852,2024-02-13,Home,819,266
1853,2023-01-04,Sports,583,40
1854,2023-08-30,Sports,389,233
1855,2023-01-10,Fashion,778,290
1856,2023-05-12,Fashion,952,42
1857,2024-03-05,Grocery,952,139
1858,2024-05-03,Home,293,108
1859,2023-04-03,Fashion,966,280
1860,2023-10-31,Home,611,161
1861,2024-03-24,Home,646,45
1862,2023-05-23,Home,213,133
1863,2024-04-07,Sports,621,269
1864,2024-01-28,Grocery,531,61
1865,2023-10-07,Toys,460,264
1866,2023-05-23,Home,611,97
1867,2023-05-09,Fashion,259,104
1868,2024-06-12,Fashion,688,35
1869,2023-10-01,Grocery,134,258
1870,2023-07-08,Grocery,708,235
1871,2024-03-31,Sports,851,29
1872,2024-04-05,Toys,604,279
1873,2023-10-09,Sports,204,44
1874,2023-06-22,Grocery,322,60
1875,2024-07-07,Grocery,465,24
1876,2024-02-08,Home,725,197
1877,2024-12-14,Sports,374,265
1878,2023-12-02,Toys,797,139
1879,2023-10-05,Electronics,460,44
1880,2024-09-10,Sports,863,164
1881,2023-07-29,Fashion,781,297
1882,2024-11-22,Grocery,928,130
1883,2023-06-25,Toys,917,267
1884,2023-08-17,Grocery,362,277
1885,2024-05-03,Fashion,878,244
1886,2023-01-27,Toys,797,123
1887,2023-08-07,Toys,110,128
1888,2024-06-17,Sports,992,37
1889,2024-02-15,Grocery,402,281
1890,2023-12-16,Grocery,802,203
1891,2023-05-15,Sports,484,210
1892,2023-09-21,Electronics,315,289
1893,2023-10-16,Toys,600,204
1894,2024-11-20,Toys,153,30
1895,2024-01-23,Sports,877,252
1896,2024-09-04,Grocery,674,71
1897,2023-01-13,Fashion,822,108
1898,2024-12-15,Fashion,688,274
1899,2024-03-15,Electronics,532,140
1900,2024-08-16,Home,494,51
1901,2023-11-03,Grocery,775,243
1902,2024-02-01,Toys,948,290
1903,2023-04-17,Home,138,285
1904,2023-12-13,Electronics,479,198
1905,2023-04-10,Toys,786,267
1906,2023-09-10,Sports,910,63
1907,2024-11-25,Electronics,598,276
1908,2024-12-01,Home,609,67
1909,2023-08-23,Fashion,484,198
1910,2023-07-11,Electronics,300,129
1911,2024-06-28,Sports,640,102
1912,2024-07-01,Toys,421,114
1913,2024-05-06,Electronics,638,140
1914,2024-03-13,Grocery,357,75
1915,2024-09-12,Toys,504,214
1916,2023-06-17,Toys,766,119
1917,2024-11-20,Electronics,762,263
1918,2024-08-15,Fashion,339,47
1919,2024-06-04,Electronics,661,209
1920,2023-04-27,Sports,1000,44
1921,2023-03-12,Home,124,163
1922,2023-07-12,Electronics,515,170
1923,2024-01-02,Sports,981,158
1924,2023-12-31,Grocery,390,128
1925,2023-07-10,Fashion,474,277
1926,2024-08-08,Sports,816,221
1927,2024-05-30,Fashion,434,251
1928,2024-09-27,Home,242,87
1929,2024-11-24,Sports,896,162
1930,2023-09-22,Home,383,47
1931,2023-08-11,Grocery,420,209
1932,2023-06-25,Sports,906,107
1933,2024-02-23,Grocery,382,42
1934,2023-11-13,Fashion,412,275
1935,2023-02-19,Fashion,425,300
1936,2024-09-22,Home,178,140
1937,2024-04-15,Electronics,626,141
1938,2024-01-14,Toys,970,93
1939,2024-11-19,Fashion,935,132
1940,2024-12-16,Grocery,404,169
1941,2023-08-18,Grocery,154,233
1942,2023-05-23,Sports,147,181
1943,2024-05-21,Electronics,356,33
1944,2023-04-01,Electronics,210,24
1945,2023-03-11,Fashion,971,167
1946,2023-09-06,Fashion,901,295
1947,2023-03-15,Grocery,103,249
1948,2023-01-02,Home,900,64
1949,2024-11-29,Grocery,811,152
1950,2023-02-14,Toys,592,277
1951,2024-12-05,Toys,808,83
1952,2024-10-06,Electronics,495,190
1953,2023-02-28,Electronics,336,66
1954,2024-09-01,Sports,407,168
1955,2023-07-13,Home,301,188
1956,2024-08-01,Electronics,809,222
1957,2023-06-23,Toys,729,56
1958,2023-05-30,Electronics,414,137
1959,2024-03-28,Fashion,636,50
1960,2024-01-01,Toys,731,244
1961,2024-04-03,Sports,449,144
1962,2023-08-30,Fashion,697,244
1963,2024-02-23,Grocery,931,261
1964,2024-10-17,Toys,803,24
1965,2024-01-21,Electronics,417,31
1966,2024-10-17,Home,247,232
1967,2023-06-15,Electronics,392,155
1968,2024-08-08,Fashion,993,276
1969,2024-12-25,Grocery,286,134
1970,2023-12-01,Electronics,695,113
1971,2024-08-23,Sports,232,115
1972,2024-10-02,Electronics,914,181
1973,2024-05-13,Fashion,505,166
1974,2024-01-01,Sports,615,97
1975,2024-07-06,Home,267,81
1976,2023-04-06,Fashion,451,141
1977,2023-11-05,Toys,899,181
1978,2024-11-12,Sports,111,32
1979,2024-12-09,Electronics,274,158
1980,2023-06-21,Fashion,987,201
1981,2023-08-01,Electronics,688,111
1982,2023-10-11,Sports,660,119
1983,2024-12-21,Grocery,717,38
1984,2024-10-22,Home,172,294
1985,2024-10-13,Grocery,615,159
1986,2024-07-14,Fashion,728,255
1987,2023-01-02,Fashion,204,192
1988,2023-01-06,Fashion,333,299
1989,2023-04-09,Fashion,603,71
1990,2024-11-20,Home,439,298
1991,2024-04-03,Home,733,179
1992,2024-03-05,Toys,175,298
1993,2023-01-24,Fashion,105,43
1994,2023-10-02,Toys,799,27
1995,2023-04-17,Grocery,773,55
1996,2024-11-23,Sports,495,22
1997,2024-02-25,Home,328,70
1998,2024-08-29,Grocery,514,144
1999,2024-05-31,Home,205,205
2000,2024-07-07,Toys,934,277
